<?xml version="1.0" encoding="UTF-8"?>
<project-private xmlns="http://www.netbeans.org/ns/project-private/1">
    <editor-bookmarks xmlns="http://www.netbeans.org/ns/editor-bookmarks/2" lastBookmarkId="0"/>
    <open-files xmlns="http://www.netbeans.org/ns/projectui-open-files/2">
        <group>
            <file>file:/C:/Users/marco/Google%20Drive/USP/Engenharia%20da%20Computação/4º%20Período/POO/Trabalho-POO-SCC0604/Trabalho1_MarcosPietrucci/src/trabalho1_marcospietrucci/Musica.java</file>
            <file>file:/C:/Users/marco/Google%20Drive/USP/Engenharia%20da%20Computação/4º%20Período/POO/Trabalho-POO-SCC0604/Trabalho1_MarcosPietrucci/src/trabalho1_marcospietrucci/Canhao.java</file>
            <file>file:/C:/Users/marco/Google%20Drive/USP/Engenharia%20da%20Computação/4º%20Período/POO/Trabalho-POO-SCC0604/Trabalho1_MarcosPietrucci/src/trabalho1_marcospietrucci/Tiro.java</file>
            <file>file:/C:/Users/marco/Google%20Drive/USP/Engenharia%20da%20Computação/4º%20Período/POO/Trabalho-POO-SCC0604/Trabalho1_MarcosPietrucci/src/trabalho1_marcospietrucci/Elemento.java</file>
            <file>file:/C:/Users/marco/Google%20Drive/USP/Engenharia%20da%20Computação/4º%20Período/POO/Trabalho-POO-SCC0604/Trabalho1_MarcosPietrucci/src/trabalho1_marcospietrucci/Barreira.java</file>
            <file>file:/C:/Users/marco/Google%20Drive/USP/Engenharia%20da%20Computação/4º%20Período/POO/Trabalho-POO-SCC0604/Trabalho1_MarcosPietrucci/src/trabalho1_marcospietrucci/Trabalho1_MarcosPietrucci.java</file>
            <file>file:/C:/Users/marco/Google%20Drive/USP/Engenharia%20da%20Computação/4º%20Período/POO/Trabalho-POO-SCC0604/Trabalho1_MarcosPietrucci/src/trabalho1_marcospietrucci/interfaceTexto.java</file>
            <file>file:/C:/Users/marco/Google%20Drive/USP/Engenharia%20da%20Computação/4º%20Período/POO/Trabalho-POO-SCC0604/Trabalho1_MarcosPietrucci/src/trabalho1_marcospietrucci/Invasor.java</file>
        </group>
    </open-files>
</project-private>
